<?xml version="1.0" encoding="UTF-8"?>
<project-private xmlns="http://www.netbeans.org/ns/project-private/1">
    <editor-bookmarks xmlns="http://www.netbeans.org/ns/editor-bookmarks/2" lastBookmarkId="0"/>
    <open-files xmlns="http://www.netbeans.org/ns/projectui-open-files/2">
        <group>
            <file>file:/D:/OC/P3MasterMindFle/Share_FLE/P3/SourceCode/Jeux/src/p3/Game/Mastermind.java</file>
            <file>file:/D:/OC/P3MasterMindFle/Share_FLE/P3/SourceCode/Jeux/src/p3/Game/MoreLess.java</file>
            <file>file:/D:/OC/P3MasterMindFle/Share_FLE/P3/SourceCode/Jeux/src/p3/Game/Main.java</file>
            <file>file:/D:/OC/P3MasterMindFle/Share_FLE/P3/SourceCode/Jeux/src/p3/Game/Game.java</file>
            <file>file:/D:/OC/P3MasterMindFle/Share_FLE/P3/SourceCode/Jeux/src/p3/Game/Code.java</file>
        </group>
    </open-files>
</project-private>
